joke_id,joke_text,score,humor_score,sentence_count
joke_000,"I remember my first period... I was in kindergarten, and while I was writing, my teacher told me to put a little dot at the end of my sentence.",1,2.95,2
joke_001,Maybe the end of Amy Schumer's new show is really funny. I guess nobody will ever know.,4,6.28,2
joke_002,What do you call 6.02*10^23 butts? Molasses,5,7.02,2
joke_003,What did the spaghetti say to the lasagna as he was murdering him Pasta La vista,2,4.33,1
joke_004,"I was pissing against a wall when I remembered an old Indian saying “Hey, asshole, if I catch you pissing on my wall again I’m gonna kick your ass.”",7,8.23,1
joke_005,What’s the difference between a tire and 365 used condoms? One’s a Goodyear. The other’s a *great* year.,8,8.74,3
joke_006,I saw a Buzzfeed article about the top 10 ways to execute someone. Number 3 will shock you.,5,7.02,2
joke_007,"Who cares if you pee in the shower? The bride and all her guests, apparently.",5,7.02,2
joke_008,I have just watched a documentary on marijuana. I think all documentaries should be watched this way.,6,7.67,2
joke_009,What do you call a cardboard belt? A waist of paper.  --  ^(Credit: Shadow Warrior fortune cookie),4,6.28,3
joke_010,"When it gets dark, I have a supernatural ability to detect when and at what altitude murderous clowns ejaculate. I can feel IT cumming in the air tonight.",1,2.95,2
joke_011,I tried rocking my newborn daughter to sleep. Apparently she isn't a big Zeppelin fan.,6,7.67,2
joke_012,Why are closeted gay people good at poker? Because they're always putting on a straight face.,6,7.67,2
joke_013,I made a chicken salad this morning. Stupid thing didn't even eat it.,6,7.67,2
joke_014,You know what my grandpa said to me right before he kicked the bucket? Hey Billy how far do you think I can kick this bucket,5,7.02,2
joke_015,[NSFW] I had a dream that I was getting a blowjob from the blonde one in ABBA I woke up because his beard was tickling my balls.,4,6.28,1
joke_016,"My wife hasn't said a word to me in 6 days. What's even better is, she thinks it's punishment.",10,9.62,2
joke_017,Why can't pirates learn the alphabet? Because they are stuck at sea.,1,2.95,2
joke_018,I met this guy who said he was a Mir Space Station cosmonaut.  But I thought it was quite an achievement.,0,1.0,2
joke_019,A blind guy walks into a bar... ...and a table...and a chair...,8,8.74,1
joke_020,My Problem Is Making Puns People call my jokes Punfunny. See I told you!,0,1.0,2
joke_021,I've been asked out at least 20 times more than the average redditor has. 20 times 0 is at least 0.,1,2.95,2
joke_022,If 666 is evil... then 25.806975801127 is the root of all evil,5,7.02,1
joke_023,I just found out that the guy who stole my journal has died. My thoughts are with his family.,6,7.67,2
joke_024,How many Alzheimer’s patients does it take in to screw in a lightbulb? To get to the other side,10,9.62,2
joke_025,What do you get when you cross human DNA and goat DNA? Thrown out of the petting zoo,7,8.23,2
joke_026,Doctors hate this one easy trick to lose 15 lbs fast! The flu.,2,4.33,2
joke_027,What does supervillain Black Man need to do to escape the crime scene? Turn off all the lights.,0,1.0,2
joke_028,Had my wallet stolen by a red piece of fruit It's was a real strobbery,1,2.95,1
joke_029,How many vegans does it take to change a light bulb? I'm better than you,2,4.33,2
joke_030,Why couldn't the bookworm read anymore? Glaucoma.,0,1.0,2
joke_031,For everyone out there who suffers from paranoia and delusions You’re NOT alone. There’s someone watching you.,3,5.41,2
joke_032,There's only one... There's only one place a man would want stretch marks.,0,1.0,2
joke_033,I have an EpiPen. My friend gave it to me as he was dying. It seemed very important to him that I have it.,3,5.41,3
joke_034,"If non Cristians and evil People go to hell, It must be awkward to have Hitler there with all 6 million Jews",2,4.33,1
joke_035,My wife and I have lost over 150lbs combined!!! ...we divorced. I'm not sure how much she weighed but it was definitely over 150lbs.,0,1.0,3
joke_036,"A guy in a plane stood up and shouted, “HIJACK!” All passengers got scared.  From the other end of the plane, a guy shouted back, “HI JOHN!”",8,8.74,2
joke_037,"What do you call a black man in a space suit? An astronaut, you fucking racist",5,7.02,2
joke_038,"A monk works at a hotdog stand A man walks up to him, asks for a hotdog, then pays with a 10! bill. The monk returns him no change and says ""change comes from within""",0,1.0,3
joke_039,What did one doctor say to the other doctor that kept stealing his patients? You're testing my patience.,0,1.0,2
joke_040,What's St Patricks' favourite animal? Snakes.,0,1.0,2
joke_041,"If there's one good thing about the election of Trump, it's the greatly lowered odds of being attacked by Russia. After all, they're not going to key their own car.",2,4.33,2
joke_042,"At my politics exam, I was asked what I thought about a nuclear war. Apparently, ""That sounds better to me than an intransparent old war,"" was not the expected answer.",1,2.95,2
joke_043,"A pirate walks into a bar... A pirate walks into a bar with a steering wheel on his pants, a peg leg and a parrot on his shoulder. The bartender says, “Hey, you’ve got a steering wheel on your pants!”  The pirate says, “Arrrr, I know. It’s driving me nuts.”",1,2.95,3
joke_044,How do Flat Earthers spread their lies? ...they get around.,2,4.33,2
joke_045,How do Welsh people name their towns? Caerphilly,2,4.33,2
joke_046,Bitcoin is gold. A comedy gold.,1,2.95,2
joke_047,"When you say ""poop"" your mouth moves the same way your anus does when you poop. The same is true for the phrase ""explosive diarrhea.""",10,9.62,2
joke_048,A man in a trench coat runs up to three old ladies sitting on a park bench and exposes himself. One of the old ladies had a stroke. The other two couldn't reach.,5,7.02,3
joke_049,Dark humour is like food not everybody gets it.,4,6.28,1
joke_050,How do you get more white girls to eat KFC? With 11 herbs and pumpkin spices,0,1.0,2
joke_051,"Me: *stares at medusa's breasts.* Medusa: ""My eyes are up here."" Me after looking: *gets rock hard*",5,7.02,3
joke_052,Fighting Hard lol cancer is so easy to beat i am already at stage 4,3,5.41,1
joke_053,Why is divorce so expensive? Because it's worth it.,0,1.0,2
joke_054,I was going to post a time travel joke on here But it got down voted,2,4.33,1
joke_055,I just watched a documentary on blackouts... It was dark as fuck.,1,2.95,2
joke_056,A girl agreed to go out with me after I gave her a bottle of tonic water. Schwepped her off her feet.,10,9.62,2
joke_057,"I've just been diagnosed as Colorblind.. I know, it certainly has come out of the purple.",5,7.02,2
joke_058,"They say you should write a joke a day to get better. Day one, check!",1,2.95,2
joke_059,Is it wrong to hate an entire race? I just think marathons are *way* too much running,6,7.67,2
joke_060,What does Miss Piggy call oral sex? Having a frog in her throat.,3,5.41,2
joke_061,What's the difference between a psychologist and a dentist? One treats mental disorders... and the other treats dental mis-orders.,0,1.0,2
joke_062,Guess who I saw today? Everyone I looked at.,0,1.0,2
joke_063,Dogs on a coffee break Dog 1: Heard a great joke...  Dog 2: Oh yeah?  Dog 1: Knock kn-  Dog 2 goes fucking crazy,5,7.02,2
joke_064,"My old aunts would come and tease me at weddings, “Well Sarah? Do you think you’ll be next?”  We’ve settled this quickly once I’ve started doing the same to them at funerals.",1,2.95,2
joke_065,Sometimes I talk to myself for no reason Me Too,2,4.33,1
joke_066,"What's bacon's favorite movie? Grease  Edit: my dad wants you all to know it's his ""stupid"" joke",5,7.02,2
joke_067,"My dad gave me $20 for lunch today I don't know why, a $5 note tastes the same.",1,2.95,1
joke_068,"My kids tell me that they want a cat for Chrismas this year. We normally cook a turkey for Christmas, but if they want a cat, okay.",7,8.23,2
joke_069,Killer Whales like classical music so much... That they form Orcastras.,2,4.33,1
joke_070,What did the girl with no hands get for her birthday? I don’t know. She’s still opening the present.,1,2.95,3
joke_071,"People make such a big deal about vegans, but I don't get it. I've never had a beef with one.",6,7.67,2
joke_072,What do you call the worlds most famous oil painting? The Gulf Of Mexico.,5,7.02,2
joke_073,What is Snoop Dogg's favorite weather? Drizzle,0,1.0,2
joke_074,Why does Trump always ensure he has a second pair of pants with him every weekend? In case he get a hole in one.,0,1.0,2
joke_075,I always thought I was destined for Stardom But then I realised my mass was below 0.08 solar masses.,3,5.41,1
joke_076,Give a man a fish and he’ll eat for a day. Give a man a loot box that MIGHT contain a fish and you’ll get paid FOREVERRR!!,5,7.02,3
joke_077,What do you call a camel with no humps? Humphrey,0,1.0,2
joke_078,"After so much effort and so many tries, my wife finally was able to make a handmade purse! Now that's what you call...perseverance.",1,2.95,2
joke_079,"My uncle always used to say, “Spare the rod, spoil the child!” And then he’d fuck me in the ass.",2,4.33,1
joke_080,What has alot of balls and screws old ladies? Bingo,1,2.95,2
joke_081,"I was carrying the groceries in and had to make a second trip. My girlfriend said to me, ""real men don't make second trips."" I said ""they do to your mum's house.""",2,4.33,3
joke_082,My dad and I play hide and seek all the time. My record was 3 hours until my dad found me. His record is 20 years and still counting.,5,7.02,3
joke_083,"I have a real, honest to God, time machine. Unfortunately, I forgot when I parked it.",1,2.95,2
joke_084,What do you call someone that doesn’t eat animal products and loves to gamble? A Las Vegan,3,5.41,2
joke_085,"What's the difference between a hippo and a zippo? One is really heavy, the other is a little lighter.",2,4.33,2
joke_086,TIL there's a subreddit named /r/taylorswiftarmpit/ It's funny cause it's true.,0,1.0,1
joke_087,"Had to get a leaky pipe fixed So I called a plumber and asked him for his prices. He said ""most household jobs will fall into one of our 3 flat rates""  $75 for basic jobs $150 for basic jobs if your husband helps $200 for basic jobs if your husband tried to fix it before you called",1,2.95,2
joke_088,What's the difference between an archeologist and an ex girlfriend? The ancient stuff the archeologist digs up is useful.,4,6.28,2
joke_089,"What is the difference between a baby and a feminist? Eventually, the baby grows up and stops crying.  Edit: This turned fun!",6,7.67,3
joke_090,Why is Jesus better than God? Jesus is down-to-earth.,0,1.0,2
joke_091,What's the difference between watts and ohms? Watts are a unit of electrical energy. Ohms are where British people live.,6,7.67,3
joke_092,"I phoned the local gym and I asked if they could teach me how to do the splits. He said, 'How flexible are you?' I said, 'I can't make Tuesdays or Thursdays.'",1,2.95,3
joke_093,Did you know the Mods on this sub are actually cows? Evidence listed below. [remooved],6,7.67,3
joke_094,What do you get when you buy 3 aliens but they give you 5? Extra terrestrials.,3,5.41,2
joke_095,"How many software engineers does it take to change a light bulb? None, it's a hardware problem",5,7.02,2
joke_096,"A man walks into a bar with a monkey on a leash The bartender says “I’m sorry, but we don’t allow pets in here”  The man responds “Oh I’m blind, this little fella helps me see”  The bartender, a little confused, says “I’ve never heard of a seeing eye monkey before”  “They gave me a monkey?!”",3,5.41,2
joke_097,"Dead or alive, you're coming with me.   Great movie quote, terrible pickup line…",6,7.67,2
joke_098,The Chinese are celebrating the year of the rooster Meanwhile the Americans are celebrating the year of the cock,5,7.02,1
joke_099,I don’t know why people expect to find aliens in Area 51 Trump would have deported them by now!,5,7.02,1
joke_100,What do you call a chameleon that can't change colors? A reptile dysfunction.,5,7.02,2
joke_101,It's really naive to agree with the Beatles and say money can't buy you love... Match fixing in tennis is a real problem.,0,1.0,2
joke_102,"You said you had between ten and fifteen million dollars in the bank, she yelled. ""I didn't lie,"" I replied, ""I've got exactly $23.""",5,7.02,2
joke_103,"Who are worse than Hitler, Stalin and Mao combined? The mods of this subreddit.",0,1.0,2
joke_104,"NSFW I got rejected from a job interview. Apparently, when asked an example you worked well in a team, ""gangbag"" is not an acceptable answer.",0,1.0,2
joke_105,What is Green Arrow's superpower? He can turn left whenever he wants.,2,4.33,2
joke_106,What separates a good genocide joke from a bad? Its execution!,2,4.33,2
joke_107,I went to the funeral of the man who invented the throat lozenge. There was no coffin.,4,6.28,2
joke_108,Dads are like Boomerangs. I hope.,1,2.95,2
joke_109,How many narcissists does it take to change a lightbulb? None. They use gaslighting.,3,5.41,3
joke_110,I always carry a picture of my wife and children in my wallet. It reminds me why there's no fucking money in there.,5,7.02,2
joke_111,"So y=e^e^x was hitting on y=e-1/x ... y=e^e^x said, ""come with me baby, I'll show you the natural growth of my log"". ""Sorry"", replied y=e-1/x, ""but even I have my limits.""",5,7.02,2
joke_112,"Did you know woman turn into good drivers. So be careful while they turn, because they might hit you.",5,7.02,2
joke_113,"GDrive to store, GMail to letter, GTalk to communicate, GSpot to, well you know :-)",0,1.0,1
joke_114,"What has a mouth but never speaks, Has a bed but never sleeps,   And has legs but never walks?  &nbsp;  A mute, crippled insomniac",3,5.41,2
joke_115,What do you call a policewoman with a shaven vagina? Cunt stubble,1,2.95,2
joke_116,"I tried to force feed my child... After a while my wife said “Just use a fucking spoon Mike, you’re not a Jedi”",7,8.23,1
joke_117,"A zen student asked his master: “Is it okay to use email?” “Yes”, replied the master, “but with no attachments.”",6,7.67,1
joke_118,"My hot lesbian neighbours got me a Rolex for my birthday It's nice, but I think they misunderstood me when I said, ""I wanna watch""",6,7.67,1
joke_119,Attractive nurses probably never get accurate pulse readings from their patients. Neither do ugly ones.,3,5.41,2
joke_120,"Donald Trump is not a rapist. He's an ""alternative romantic.""",9,9.2,2
joke_121,Since may the fourth is two days ago I guess today is the revenge of the sixth,0,1.0,1
joke_122,What do you call a can opener that doesn't work? A can't opener,3,5.41,2
joke_123,What flower smells like fish? Tulips,0,1.0,2
joke_124,I told my girlfriend to give me the worst handjob ever. I was surprised she could pull it off.,3,5.41,2
joke_125,How often do I tell chemistry jokes? Periodically,5,7.02,2
joke_126,What do the movies Titanic and The Sixth Sense have in common? Icy dead people.,4,6.28,2
joke_127,"Why do blondes have ""TGIF"" on the front of their shirts? **T**its  **G**o  **I**n  **F**ront",1,2.95,2
joke_128,"After both suffering from depression, my wife and I were going to commit suicide yesterday. But once she killed herself, I started to feel a lot better.",3,5.41,2
joke_129,The third Reich Why was Hitler’s Thousand Year Reich going to be the last one?    Because everyone knows three Reichs and your out.,1,2.95,2
joke_130,"My girlfriend is like the square root of -100 An absolute 10, but also imaginary.",9,9.2,1
joke_131,My friend doesn’t like the zoo But today I saw them donating to it  What a Hippo-crite,1,2.95,1
joke_132,What do XXXTentacion and Hitler have in common? Nobody liked their work until they died.,1,2.95,2
joke_133,What do you call a monkey eating a pavlova? A meringutan,0,1.0,2
joke_134,What do you call a company that replants fields of grass using cropduster airplanes? A re-seeding airline!  &#x200B;  This joke sucks but it's my cakeday and I was told there would be plentiful imaginary internet points .... XD,8,8.74,3
joke_135,What has 4 legs and 1 arm? A Rottweiler in a children's playground.,4,6.28,2
joke_136,Reddit is great because it has so much content Some of it I haven't seen before,1,2.95,1
joke_137,My doctor keeps ignoring me I think he's giving me the silent treatment,0,1.0,1
joke_138,"A piece of toast and a hard boiled egg walked into a bar..... The bartender says "" Sorry, we don't serve breakfast here"".",2,4.33,2
joke_139,They say Magnum condoms are only good for big schlongs I don't buy it,6,7.67,1
joke_140,"What is the most popular cheese in ""the Upside Down""? Demogorgonzola",1,2.95,2
joke_141,"I asked my wife what she will do when I won the lottery. She said ''Divorce you and take half'' I said ''I won $10, here's $5 and there is the door.""",7,8.23,2
joke_142,Some would say that the most sensitive part of your body when masturbating is your genitalia. But it's actually your ears.,5,7.02,2
joke_143,(Nsfw) How do you titillate an ocelot? You oscillate their tits a lot.  Edit: I need alot (sic) of spelling practice,2,4.33,3
joke_144,"On Monday, a user posted the joke ""Jesus"" ...which was quickly down-voted and buried...It's been 3 days, has anyone seen it?",0,1.0,1
joke_145,"My favourite part of a car. Damn it, I already revealed it!",5,7.02,2
joke_146,How was the first digital sound created? Someone snapped their fingers.,2,4.33,2
joke_147,"Rent a man a helicopter, he will fly for a day. Throw him off the flying helicopter and he will fly for the rest of his life ...",3,5.41,2
joke_148,My Doctor got my results back. He says he's not sure if I will survive. First I was afraid...,0,1.0,3
joke_149,I walked in on my boss vigorously masturbating He told me to stop masturbating and get the hell out of his office,6,7.67,1
joke_150,The golfer rewarded himself with new pants.. .. after he got a hole in one.,2,4.33,1
joke_151,Why are there so many fat demons? Because they hate exorcising.,5,7.02,2
joke_152,Is it normal if one of my testicles Hangs lower than the other two?,6,7.67,1
joke_153,"What did the cheese say when it looked in the mirror? ""Halloumi""",1,2.95,2
joke_154,Why can't you trust atoms? Because they make up everything.,0,1.0,2
joke_155,"According to a recent survey, 70% of marriages end in divorce, due to sex. Of course, 98% of these failed marriages, it was with other people.",0,1.0,2
joke_156,Viagra won't turn you into James Bond... But it will help you Rodger Moore.,2,4.33,2
joke_157,"The government offered to buy my guns from me But after a thorough background check of the buyer, I am not comfortable with selling weapons to organized crime.",9,9.2,1
joke_158,Mountains aren’t just funny. They’re hill areas.,5,7.02,2
joke_159,"A pig, tired of its pregnant wife, decided to leave her As a result, the pregnant swine did not have a baby...       Because she got a-boar-shun.",1,2.95,1
joke_160,"A farmer was in a field with his cows, he counted 196 of them.... ..... but when he rounded them up he had 200.",5,7.02,1
joke_161,Two wrongs don't make a right... ...but two Wrights made a plane,6,7.67,1
joke_162,"Why did the watermelon and the honeydew decide to cancel their spontaneous wedding in Las Vegas? They realized with a family like theirs, they really Cantaloupe.",0,1.0,2
joke_163,What do panties and nail polish have in common? Both come off with alcohol,5,7.02,2
joke_164,"Why Trump and that lady you sit next to on the plane who asks way too many questions are the same. They are both loud, annoying, fat, barely male, and completely unable to make america great again.",0,1.0,2
joke_165,If Hitler wanted to keep the Jews out of Germany He should have just charged admission,3,5.41,1
joke_166,When the person you stalk stalks back it is called.... Stalk Exchange.,1,2.95,1
joke_167,"Not sure if Jesus was black or white... ...but he certainly wasn't asian, or people wouldn't be asking him to take the wheel.",4,6.28,1
joke_168,A new discovery which makes dogs live as long as human beings... Allowing a loving bond between them and their non vaccinated owners has been discovered.,3,5.41,2
joke_169,"Political Correctness is out of hand You can't even say ""black paint"" anymore, You have to say ""Tyrone, please paint my fence.""",2,4.33,1
joke_170,"So a guy is walking with a young boy into the woods.    Boy “hey mister its getting dark out and I’m scared”  Man “how do you think I feel, I have to walk back alone”",5,7.02,2
joke_171,"Remember, tomorrow is Adolf Hitler’s birthday I’ve got a cake all ready for him in the oven",2,4.33,1
joke_172,What did Adele say when she was at the amusement park? Hello from the other ride,0,1.0,2
joke_173,What type of pies take up the most time? Occupies.,2,4.33,2
joke_174,Vegans don't like gatherings. They just can't meat.,2,4.33,2
joke_175,I used to think all black people had boomboxes then I realized that was just a stereo type,9,9.2,1
joke_176,What's black and eats pussy? Cervical cancer.,6,7.67,2
joke_177,What do you call a lightbulb that goes bad? An illuminati.,1,2.95,2
joke_178,What's the difference between a refugee and E.T? E.T learned English and wanted to go home,5,7.02,2
joke_179,How come men don't watch women's ice hockey? No man can handle that many periods.,1,2.95,2
joke_180,A buddy of mine makes yogurt flavored by secretions of aroused female prostitutes. He practices horticulture.,1,2.95,2
joke_181,I was breastfed until 3 But enough about my day,7,8.23,1
joke_182,"I talked to Milo yesterday to see how he was doing... He said he's ""alt-right.""",2,4.33,2
joke_183,"I am inevitable Hi inevitable, I'm dad",1,2.95,1
joke_184,What do you call a sleepwalking nun? A roamin Catholic,2,4.33,2
joke_185,"Guys, enough with the fat jokes.. Can't you see I've got enough on my plate already",3,5.41,1
joke_186,Obama may like tan suits ...but Trump likes Brownshirts,0,1.0,1
joke_187,What's the only acceptable thing for a Scotsman to wear under his kilt? Lipstick,5,7.02,2
joke_188,"Christmas these days is a lot like having sex... ...the build up is great, but when it finally comes, I regret spending all that money.",6,7.67,1
joke_189,"Really bad joke i just came up with: What did Hitler say when he wanted to make apple cider?  ""Put ze jooze in ze oven!""",0,1.0,2
joke_190,What do you call a man doing dishes? Single.,0,1.0,2
joke_191,I can produce silver just by sniffing. Smelt it with my own nose.   **I'll show myself out**,5,7.02,3
joke_192,"I wanted to revisit my childhood, so I got out Super Mario Bros. and started playing But soon I realized, no matter how much you try,  you can't go back.",5,7.02,1
joke_193,The graveyard is getting overcrowded Seems people are dying to get in there,0,1.0,1
joke_194,What do you need for the reunion of the Beatles? A pistol and two cartridges.,1,2.95,2
joke_195,"TIL the lead singer of Chumbawumba is married to a champion breakdancer. She had to give up dancing when she fell pregnant but, only three months after giving birth, successfully defended her title at the World Championship. She got knocked up, but she got down again.",8,8.74,3
joke_196,If I had $5 for every time I failed a math test I would have $37,6,7.67,1
joke_197,"Friends are like penguins If you stab a penguin, it will die",2,4.33,1
joke_198,What do you call a 40 year old villian? Mid(dle aged)evil,0,1.0,2
joke_199,What's the motto of an undertaker who is a rapist and a necrophiliac? You rape what you sew,2,4.33,2
joke_200,"Whales have pretty sexual names, Sperm whale, humpback whale... Your mom",5,7.02,2
joke_201,My friend told me about his idea for odorless candles I told him they wouldn't make any scents,5,7.02,1
joke_202,The people the clock factory found that they were running out of parts. They were quickly running out of time.,0,1.0,2
joke_203,Why do the french hate League of Legends? They have to wait 20 minutes before surrendering,4,6.28,2
joke_204,I tried to warn a racist to slow down because of the black ice up ahead. He sped up and crashed.,1,2.95,2
joke_205,"Out of all the enemy leaders during World War II, who could run with the most speed? Mussolini, because he was the fascist",3,5.41,2
joke_206,I feel sorry for the Croatian guy who visited us. He Split his pants.,0,1.0,2
joke_207,Think you know everything about the letter t? That's just the half of it.,7,8.23,2
joke_208,According to this nutrition label... I am a family of four,4,6.28,2
joke_209,Someone who is both right and left handed is considered ambidextrous. So what do we call someone who is neither handed? Clumsy.,0,1.0,3
joke_210,If you have a bee in your hand what do you have in your eye? ..... Beauty,4,6.28,2
joke_211,Got a problem with our new neighbour... German Shepherd keeps jumping over our fence and shitting in our garden.  I've tried to speak to the chap about it but he only speaks German so doesn't understand me!,0,1.0,2
joke_212,What do ducks smoke? Quack.,5,7.02,2
joke_213,What do clocks do when they're still hungry after a meal? They go back four seconds.,1,2.95,2
joke_214,Courtesy of my 5 year old god son: knock knock Who’s there ? Broken pencil  Broken pencil who? Never mind it’s pointless,5,7.02,3
joke_215,"Donald Trump will be playing a round at his golf course in Scotland tomorrow, banging his old club and balls around 18 tight holes... pretty much like when he visits a teenage beauty pageant.",0,1.0,1
joke_216,Noone laughed when i fell while skating. But the ice sure cracked up.,2,4.33,2
joke_217,"I help blind kids Verb, not adjective",10,9.62,1
joke_218,What's brown and rhymes with snoop? Dr. Dre,5,7.02,2
joke_219,"A man asked his friend: ""What does 1000 Hz sound like?"" His friend rudely replied: ""Fuck off.""",4,6.28,2
joke_220,How do you tell the difference between a rich druggie and a poor druggie? A rich druggie only buys 100% organic whole weed.,0,1.0,2
joke_221,Why are gay people such party animals? They're all FOMOsexual,0,1.0,2
joke_222,Sharpie has a new motto... Once you go black you never go back.,2,4.33,1
joke_223,"Today, In our first math lesson of 2017 our teacher wishes us a good year ""and did you know 2017 is a prime number?""  Please,... not already,....",0,1.0,2
joke_224,What's a nymphomaniac cook's least favourite ingredient? Italian dressing,0,1.0,2
joke_225,What kind of socks to pirates wear? Arrrrrrrgyle,0,1.0,2
joke_226,I reversed over a vampire last night Didn't see him.,0,1.0,1
joke_227,"Hannibal: ""Think I'll go vegan for this time.""  Three vegan people go missing",1,2.95,2
joke_228,"I think it’s a good idea to wear two different deodorants, one under each armpit. But that’s just my two scents.",6,7.67,2
joke_229,Apparently someone in London gets stabbed every 52 seconds. Poor bastard.,4,6.28,2
joke_230,Why do japanese people love algebra? Because they love their Sin Pi   I will see myself out the door.  Edit: fixed a few grammatical errors,1,2.95,3
joke_231,"My friend asked me on what my view on lesbians was Apparently ""In HD"" wasn't the right answer",4,6.28,1
joke_232,A friend of mine was finally able to kick his painkiller habit. Now he's OxyClean.,1,2.95,2
joke_233,"My wife is mad at me, says I have no sense of direction... So I packed all my bags and right.",6,7.67,2
joke_234,The entire US Senate visited the White House today. I wonder how many short buses that took.,2,4.33,2
joke_235,"My wife told me to get dick pills         She told me to get those pills that make your dick standup.   Man was she surprised when I came back from the pharmacy with diet pills  Pls help, I'm locked out of my house",6,7.67,2
joke_236,"Man is at a job interview Interviewer: Well, to start out in the beginning, you will be at a $30,000 salary, but later that number could go up to $50,000 or even $60,000.   Man: Ok, I’ll come back later then.",5,7.02,2
joke_237,I know a lot of jokes about unemployed people But none of them work.,5,7.02,1
joke_238,"The general comes to talk with the Sargent -Sargent, Johnson's father just die in combat and i want you to tell him about his lost, i know you will do it properly, you always have   -Yes General, I'm going right away  The Sargent comes to the squad and tell all the soldiers   -SOLDIERS, everybody on a line...every one that has his father alive make three steps forward NOW...  JOHNSON WHERE THE FUCK YOU THINK YOU ARE GOING",1,2.95,1
joke_239,Why did Greenpeace throw Wolf Blitzer in the ocean? they wanted to restore the CNNomies,0,1.0,2
joke_240,The astronomers got tired of watching the Moon go around the Earth for 24 hours. . So they decided to call it a day.,3,5.41,3
joke_241,What's the slowest vehicle on the road? The short bus.,0,1.0,2
joke_242,Did you hear about the drummer who gave his daughters all the same name?    Anna 1   Anna 2   Anna 3   Anna 4,5,7.02,2
joke_243,What happened to the cow when she tried to jump over the barbed wire fence? Udder destruction.,2,4.33,2
joke_244,"A guy takes his wife out for the night and they end up at a disco where there’s a guy on the dance floor giving it large – break dancing, moonwalking, back flips, every dance move going... The wife turns to her husband and says, “See that guy on the dance floor? 25 years ago he proposed to me and I turned him down.”    The husband replies, “It looks like he’s still celebrating.”",5,7.02,3
joke_245,Did you hear about the antenna that got married? The ceremony wasnt much but the reception was amazing!,5,7.02,2
joke_246,"A zombie falls in love with a beautiful princess.. So he asks her out, and she replies ""Sorry, I won't date anyone under 6 ft"".",0,1.0,2
joke_247,"Yo mama so old... ... I told her to act her age, and she died.",5,7.02,2
joke_248,"My mom called me a son of a bitch... So I hit her, because Nobody calls my mother a bitch.",5,7.02,2
joke_249,My wife says that she will have butt sex if this hits the front page by the morning. Please don't upvote she is on a business trip until tuesday.,6,7.67,2
joke_250,Did you hear about the old Italian chef? He pasta way,3,5.41,2
joke_251,So what do you get when you cross Adele with Ariana Grande? Ariana Venti,0,1.0,2
joke_252,My dog Minton has eaten all my shuttlecocks Badminton,5,7.02,1
joke_253,I'm emotionally constipated...  I haven't given a shit in days.,0,1.0,2
joke_254,Did you hear about the turkey who was injured? He lost his leg in Nom.,0,1.0,2
joke_255,Why doesn’t the Lorax go to Vietnam? Because the trees can speak for themselves,6,7.67,2
joke_256,What do they call aborted fetuses in Prague? Cancelled Czechs.,6,7.67,2
joke_257,Religion is just a Joke Sometimes people take it to far.,0,1.0,1
joke_258,My girlfriend took me bra shopping It was an uplifting experience,2,4.33,1
joke_259,Did you know that the boomerang is Australia's biggest export? It's also their biggest import.,5,7.02,2
joke_260,What's the difference between a Catholic priest and acne. Acne waits until you're thirteen to come on your face.,5,7.02,2
joke_261,Why don't catholic priests like the Army? Because there are only majors there.,3,5.41,2
joke_262,Why did the semen cross the road? Because I put on the wrong socks this morning.,3,5.41,2
joke_263,Why did the software developer go broke? He used up all his cache !,3,5.41,2
joke_264,What does Caesar use to maintain air superiority? A sneeze guard,0,1.0,2
joke_265,"2. So I said to the shoe salesman... - I'm looking for a pair of basketball shoes...  Shoe salesman - ajkdkdkaldnrmsldkd   - what?   Shoe salesman - sorry, I was struggling to converse.",0,1.0,3
joke_266,"The women I meet in bars always have the worst pick up lines... They’re like, “Hey, what’s your friend’s name?”",6,7.67,1
joke_267,"Donald Trump is enacting tariffs on $200bn of Chinese goods, harming consumers like me. I'm tariffied.",2,4.33,2
joke_268,"Imagine the class is naked! Didn't work, now I'm nervous and I have a boner.  Being the teacher doesn't make it any better.",5,7.02,3
joke_269,Whats the difference between an elephant and a grape? A grape is purple,0,1.0,2
joke_270,"I went to the library and asked the librarian for a book about suicide. She said “Fuck off, you won’t bring jt back”",5,7.02,2
joke_271,"Seems like the more I play with it, the smaller it gets... ...but I just never feel satisfied with my stock portfolio.",1,2.95,1
joke_272,What does a programmer do in the toilet? A log dump!,2,4.33,2
joke_273,Donald Trump and Hillary Clinton are in a plane crash. Who survives? America.,8,8.74,3
joke_274,What is the world record for the most Chinese food eaten in one sitting? Roughly wonton.,3,5.41,2
